spawn ssh -o StrictHostKeyChecking=no sirangkul@89.233.105.92 mysql -u sirangkul -p'jUSlAmnIagcSUz4' -D sirangkul -e 'SELECT c.name as category, r.item_name, r.volume, r.satuan, r.unit_price, r.pagu, r.dana_bos, r.dana_komite FROM rkams r JOIN categories c ON r.category_id = c.id'
sirangkul@89.233.105.92's password: 
category	item_name	volume	satuan	unit_price	pagu	dana_bos	dana_komite
AULA PSBB & WISMA	Sound System	1	Unit	20000000.00	20000000.00	0.00	20000000.00
AULA PSBB & WISMA	Pengadaan kursi Aula PSBB	30	unit	350000.00	10500000.00	0.00	10500000.00
BK	Software/Aplikasi BK (BK Konselor)	1	Sarana	500000.00	500000.00	0.00	500000.00
BK	Peminatan Kelas XI (Asesmen, Konsultasi, Penetapan Mapel Pilihan)	1	Kegiatan	4000000.00	4000000.00	0.00	4000000.00
BK	Peminatan Kelas XII (Asesmen, Konsultasi, dan Rekomendasi Pendidikan Lanjutan)	1	Kegiatan	4000000.00	4000000.00	0.00	4000000.00
BK	Pembuatan Banner Anti Bulying	1	Sarana	500000.00	500000.00	0.00	500000.00
BK	Langganan Aplikasi dan pembuatan konten edukasi	1	Sarana	500000.00	500000.00	0.00	500000.00
BK	Peminatan Kelas X (Asesmen, Konsultasi, dan penyusunan kelas X)	1	Kegiatan	4000000.00	4000000.00	0.00	4000000.00
BK	Kunjungan Rumah (Home Visit)	6	Kegiatan	200000.00	1600000.00	0.00	1600000.00
FOTOGRAFI DAN JURNALISTIK	Seminar Fomusain (Fotografi, Multimedia, Desain)	1	Kegiatan	5000000.00	5000000.00	0.00	5000000.00
FOTOGRAFI DAN JURNALISTIK	Podcast Madrasah	12	Kegiatan	250000.00	3000000.00	0.00	3000000.00
FOTOGRAFI DAN JURNALISTIK	Set Alat dan Bahan Multimedia	1	Sarana	2500000.00	2500000.00	0.00	2500000.00
FOTOGRAFI DAN JURNALISTIK	Majalah M2M	4	Edisi	1000000.00	4000000.00	0.00	4000000.00
FOTOGRAFI DAN JURNALISTIK	Transport Pelatih Eksternal	12	Bulan	400000.00	4800000.00	0.00	4800000.00
FOTOGRAFI DAN JURNALISTIK	Upgrading	1	Kegiatan	5000000.00	5000000.00	0.00	5000000.00
FOTOGRAFI DAN JURNALISTIK	Inventaris Studio	1	Sarana	5000000.00	5000000.00	0.00	5000000.00
FOTOGRAFI DAN JURNALISTIK	Properti Photo Booth	1	Sarana	1000000.00	1000000.00	0.00	1000000.00
FOTOGRAFI DAN JURNALISTIK	Studi Lapangan	2	Kegiatan	2000000.00	4000000.00	0.00	4000000.00
FOTOGRAFI DAN JURNALISTIK	Final Recap (Gelar Karya dan LPJ)	1	Kegiatan	3000000.00	3000000.00	0.00	3000000.00
FOTOGRAFI DAN JURNALISTIK	Foju Fest	1	Kegiatan	8000000.00	8000000.00	0.00	8000000.00
FOTOGRAFI DAN JURNALISTIK	Seminar Fomusain (Fotografi, Multimedia, Desain)	2	Kegiatan	5000000.00	5000000.00	0.00	5000000.00
FOTOGRAFI DAN JURNALISTIK	Diklatsar (Indoor dan Outdoor)	1	Kegiatan	7000000.00	7000000.00	4000000.00	3000000.00
FOTOGRAFI DAN JURNALISTIK	Talkbite dan Kuis Edukasi	12	Bulan	400000.00	4800000.00	0.00	4800000.00
HUMAS	Iklan dan Property PPDB/SNMB 2026-2027	1	Kegiatan	7500000.00	7500000.00	0.00	7500000.00
HUMAS	Maintenance dan Pemeliharaan website Madrasah	1	Kegiatan	4000000.00	4000000.00	0.00	4000000.00
HUMAS	MAP Madrasah	500	Volume	15000.00	7500000.00	0.00	7500000.00
HUMAS	Project Konten E-Learning	12	Bulan	1000000.00	12000000.00	0.00	12000000.00
HUMAS	Maintenance dan Perawatan VideoWall	1	Kegiatan	5000000.00	5000000.00	0.00	5000000.00
HUMAS	Pemilihan Wakamad	1	Kegiatan	5000000.00	5000000.00	0.00	5000000.00
HUMAS	Pemeliharaan konten E-Library	2	Kegiatan	2000000.00	4000000.00	0.00	4000000.00
HUMAS	Madrash Award	1	Kegiatan	15000000.00	15000000.00	0.00	15000000.00
HUMAS	Publikasi Zona Integritas	1	Kegiatan	5000000.00	5000000.00	0.00	5000000.00
HUMAS	Peringatan HAB	1	Kegiatan	10000000.00	10000000.00	0.00	10000000.00
HUMAS	Perlengkapan Alat Konten dan Peliputan Madrasah	1	Volume	25000000.00	25000000.00	0.00	25000000.00
HUMAS	Maintenance Sirangkul	1	Tahun	10000000.00	10000000.00	0.00	10000000.00
KANTOR	Biaya Bahan Bakar Kendaraan Operasional	36	Kegiatan	250000.00	9000000.00	0.00	9000000.00
KANTOR	Biaya Loundry (Gorden, taplak meja)	12	Bulan	350000.00	4200000.00	0.00	4200000.00
KANTOR	Kit Alat Pelindung Diri cleaning service	1	Tahun	2000000.00	2000000.00	0.00	2000000.00
KANTOR	Pembelian dan Pemeliharaan Tanaman Area Madrasah, Green House dan Hidroponik Madrasah	1	Tahun	50000000.00	50000000.00	0.00	50000000.00
KANTOR	Pengelolaan sampah organik dan non organik	1	Tahun	10000000.00	10000000.00	0.00	10000000.00
KANTOR	Insentif Penjaga Malam (1 orang x 12 bulan)	12	kali	2500000.00	30000000.00	0.00	30000000.00
KANTOR	Pohon	1	Tahun	6000000.00	6000000.00	0.00	6000000.00
KANTOR	Cinderamata/ Plakat	12	buah	350000.00	4200000.00	2000000.00	2200000.00
KANTOR	Konsumsi	1	Tahun	20000000.00	20000000.00	0.00	20000000.00
KANTOR	THR PTT, Cleaning Service, dan Security	9	orang	1000000.00	9000000.00	0.00	9000000.00
KANTOR	THR untuk GTT	9	orang	1000000.00	9000000.00	0.00	9000000.00
KANTOR	Insentif Guru Non-ASN	14000	JP	25000.00	350000000.00	0.00	350000000.00
KANTOR	Konsumsi Tamu/ Monev	1	Tahun	80000000.00	80000000.00	30000000.00	50000000.00
KANTOR	Biaya Pemeliharaan suku cadang Kendaraan	1	Tahun	7000000.00	7000000.00	0.00	7000000.00
KANTOR	Insentif cleaning Service (7 orang x 12 bulan)	84	kali	1800000.00	151200000.00	0.00	151200000.00
KANTOR	Pengadaan Plastik Sampah	12	Bln	500000.00	6000000.00	0.00	6000000.00
KANTOR	Internet Madrasah	12	Bulan	8000000.00	96000000.00	48000000.00	48000000.00
KANTOR	Pembelian Printer (BK)	1	Unit	3800000.00	3800000.00	3800000.00	0.00
KANTOR	Piket Tenaga Kependidikan	1	Tahun	18000000.00	18000000.00	0.00	18000000.00
KANTOR	Biaya Pendampingan	1	Tahun	20000000.00	20000000.00	0.00	20000000.00
KANTOR	Bahan Kebersihan	1	Tahun	58000000.00	58000000.00	38000000.00	20000000.00
KANTOR	Biaya Listrik	12	Bulan	30000000.00	360000000.00	280000000.00	80000000.00
KANTOR	Apresiasi Kinerja Cleaning, security & penjaga malam	8	12	400000.00	38400000.00	0.00	38400000.00
KANTOR	Seragam PDH Security dan cleaning service	13	Unit	250000.00	3250000.00	0.00	3250000.00
KANTOR	Biaya Pajak Kendaraan Operasional (Komite)	1	Tahun	5500000.00	5500000.00	0.00	5500000.00
KANTOR	Konsumsi Kegiatan Madrasah	12	Bulan	12000000.00	144000000.00	0.00	144000000.00
KANTOR	Zoom	1	Tahun	2000000.00	2000000.00	0.00	2000000.00
KANTOR	Jasa pengangkutan sampah	12	Bln	500000.00	6000000.00	0.00	6000000.00
KANTOR	Pembelian Laptop Operator Utama	3	Unit	20000000.00	60000000.00	60000000.00	0.00
KARYA ILMIAH REMAJA	Laporan Pertanggung Jawaban	1	Kegiatan	2500000.00	2500000.00	0.00	2500000.00
KARYA ILMIAH REMAJA	Pembuatan Mading Offline	1	Kegiatan	1500000.00	1500000.00	0.00	1500000.00
KARYA ILMIAH REMAJA	Penerbitan Antologi Cerpen	1	Kegiatan	2000000.00	2000000.00	0.00	2000000.00
KARYA ILMIAH REMAJA	Bakti Sosial	1	Kegiatan	2500000.00	2500000.00	0.00	2500000.00
KARYA ILMIAH REMAJA	Diklatsar	1	Kegiatan	4000000.00	4000000.00	4000000.00	0.00
KARYA ILMIAH REMAJA	Workshop KTI	1	Kegiatan	2500000.00	2500000.00	0.00	2500000.00
KARYA ILMIAH REMAJA	Penerbitan Majalah As-Salam	1	Kegiatan	3000000.00	3000000.00	0.00	3000000.00
KARYA ILMIAH REMAJA	Seminar KTI	1	Kegiatan	2500000.00	2500000.00	0.00	2500000.00
KARYA ILMIAH REMAJA	Lomba KTI Se Sulsel	1	Kegiatan	20000000.00	20000000.00	0.00	20000000.00
KARYA ILMIAH REMAJA	Bedah Buku	1	Kegiatan	3000000.00	3000000.00	0.00	3000000.00
KEAGAMAAN/IKRAMUL	Kartu Tanda Anggota (KTA)	1	kegiatan	500000.00	500000.00	0.00	500000.00
KEAGAMAAN/IKRAMUL	Maulid	1	kegiatan	20000000.00	20000000.00	0.00	20000000.00
KEAGAMAAN/IKRAMUL	Malam Bina Ilmu Iman dan Taqwa (MABIIT)	1	kegiatan	4000000.00	4000000.00	4000000.00	0.00
KEAGAMAAN/IKRAMUL	Isra Mi'raj	1	kegiatan	17000000.00	17000000.00	0.00	17000000.00
KEAGAMAAN/IKRAMUL	Musyawarah Anggota (MUSYAG)	1	kegiatan	1100000.00	1100000.00	0.00	1100000.00
KEAGAMAAN/IKRAMUL	Pelatihan Dakwah (PELDAK)	1	kegiatan	4000000.00	4000000.00	0.00	4000000.00
KEAGAMAAN/IKRAMUL	Kajian Internal (KITA)	3	kegiatan	500000.00	1500000.00	0.00	1500000.00
KEAGAMAAN/IKRAMUL	Pelatihan Nasyid dan Qasidah	3	kegiatan	500000.00	1500000.00	0.00	1500000.00
KEAGAMAAN/IKRAMUL	Upgrading	1	kegiatan	2500000.00	2500000.00	0.00	2500000.00
KEAGAMAAN/IKRAMUL	Amaliyah Ramadhan	1	kegiatan	15000000.00	15000000.00	0.00	15000000.00
KEAGAMAAN/IKRAMUL	Seminar	1	kegiatan	3000000.00	3000000.00	0.00	3000000.00
KEAGAMAAN/IKRAMUL	Laporan Pertanggungjawaban (LPJ)	1	kegiatan	1000000.00	1000000.00	0.00	1000000.00
KEAGAMAAN/IKRAMUL	Muharram	1	kegiatan	4000000.00	4000000.00	0.00	4000000.00
KEGIATAN KOMITE	Rapat kerja tahunan pengurus	1	kali	10000000.00	10000000.00	0.00	10000000.00
KEGIATAN KOMITE	Sosialisasi Prog.Madrasah/Wawancara	1	kegiatan	50000000.00	50000000.00	0.00	50000000.00
KEGIATAN KOMITE	Pengadaan ATK dan Kebutuhan Rutin Sekretariat	1	Tahun	3000000.00	3000000.00	0.00	3000000.00
KEGIATAN KOMITE	Konsumsi Rapat Komite	12	kali	1000000.00	12000000.00	0.00	12000000.00
KEGIATAN KOMITE	Pengadaan Paket Lebaran	170	orang	250000.00	42500000.00	0.00	42500000.00
KEGIATAN KOMITE	Transport Wakil Sekertaris dan Wakil Bendahara	2	12	2000000.00	48000000.00	0.00	48000000.00
KEGIATAN KOMITE	Transport Rapat Pengurus Komite	12	28	150000.00	50400000.00	0.00	50400000.00
KESISWAAN	Foto Raport Kelas X	426	Orang	25000.00	10650000.00	0.00	10650000.00
KESISWAAN	Kartu Pelajar Siswa Kelas X	426	Orang	40000.00	17040000.00	0.00	17040000.00
KESISWAAN	Aplikasi kesiswaan (SIPAKAR MADU)	1	Tahun	5000000.00	5000000.00	0.00	5000000.00
KESISWAAN	Piket Tenaga Kependidikan PNS	1	Tahun	11550000.00	11550000.00	0.00	11550000.00
KESISWAAN	Map Ijazah	502	Orang	40000.00	20080000.00	0.00	20080000.00
KESISWAAN	Pembinaan Karakter Siswa Kelas X,XI dan XII	3	Kegiatan	45000000.00	135000000.00	0.00	135000000.00
KESISWAAN	Buku Panduan Matsama	500	Buah	35000.00	17500000.00	12500000.00	5000000.00
KESISWAAN	Pembinaan karakter keislaman siswa	1	Tahun	25000000.00	25000000.00	0.00	25000000.00
KESISWAAN	Pembinaan peningkatan soft skill murid	1	Tahun	15500000.00	15500000.00	0.00	56700000.00
KESISWAAN	Pendampingan Siswa Keluar Madrasah (Organisasi)/Undangan Kegiatan	1	Tahun	1000000.00	1000000.00	0.00	1000000.00
KESISWAAN	Rapat Evaluasi Pembina intra & Ekstra	2	Kegiatan	1500000.00	3000000.00	0.00	3000000.00
KESISWAAN	Pendampingan Sekolah Ramah Anak, anti bulying,HIV, 7 kebiasaan Anak indonesia hebat	4	Kegiatan	1000000.00	4000000.00	0.00	4000000.00
KESISWAAN	Pembinaan Karakter Siswa Pengurus Organisasi	1	Kegiatan	4000000.00	4000000.00	0.00	4000000.00
KESISWAAN	Raker Bersama	1	Kegiatan	20000000.00	20000000.00	5000000.00	15000000.00
KESISWAAN	Komunikasi Perwalian Siswa	1	Tahun	125400000.00	125400000.00	0.00	85050000.00
KESISWAAN	Penguatan nilai-nilai karakter nasionalisme	1	Tahun	35100000.00	35100000.00	0.00	35100000.00
KESISWAAN	Akhirusanah (Penamatan)	1	kegiatan	50000000.00	50000000.00	0.00	50000000.00
KESISWAAN	SNMP/PMBM	1	kegiatan	98500000.00	98500000.00	63500000.00	35000000.00
KESISWAAN	Pelantikan Pengurus Organisasi Intra dan Ekstra	1	Kegiatan	3000000.00	3000000.00	0.00	3000000.00
KESISWAAN	Foto Ijazah Kelas XII	483	Orang	25000.00	12075000.00	0.00	12075000.00
KESISWAAN	Pendampingan Pengembangan Madrasah	1	Tahun	14000000.00	14000000.00	0.00	14000000.00
KESISWAAN	Matsama	1	Kegiatan	35000000.00	35000000.00	7300000.00	27700000.00
KESISWAAN	Rapat Evaluasi Perwalian Kelas	4	Kegiatan	1500000.00	6000000.00	0.00	6000000.00
KURIKULUM	Pengajar Kelas Karakter	12	Bulan	2500000.00	30000000.00	0.00	30000000.00
KURIKULUM	Biaya sewa co-location server (4core RAM 6GB, SSD 120GB)	12	Bulan	1250000.00	15000000.00	0.00	15000000.00
KURIKULUM	E-Learning/LMS	1	Paket	110000000.00	110000000.00	0.00	110000000.00
KURIKULUM	Pelaksanaan TKA/Ujian Nasional	1	Kegiatan	10000000.00	10000000.00	0.00	10000000.00
KURIKULUM	Kegiatan Penilaian (ASAS) dan Ujian/Asesmen Madrasah	1	tahun	180000000.00	180000000.00	100000000.00	80000000.00
KURIKULUM	Program Penguatan Bahasa (M2IELST) Kelas X	1080	JP	25000.00	27000000.00	0.00	27000000.00
KURIKULUM	Aplikasi Pendaftaran ulang dan database siswa	1	Kegiatan	5000000.00	5000000.00	5000000.00	0.00
KURIKULUM	Digitalisasi Pembelajaran	1	Tahun	30000000.00	30000000.00	0.00	30000000.00
KURIKULUM	Penyusunan Materi Implementasi Kurikulum Cinta dan Deep Learning oleh MGMP MAN 2 Kota Makassar	4	Kegiatan	3500000.00	14000000.00	4300000.00	9700000.00
KURIKULUM	Bimbingan dan Try Out UTBK Kelas XII	1	Kegiatan	15000000.00	15000000.00	0.00	15000000.00
KURIKULUM	Psikotest kls X	426	Siswa	150000.00	63900000.00	0.00	63900000.00
KURIKULUM	Workshop Guru dan Tenaga Kependidikan	3	Kegiatan	3500000.00	10500000.00	5000000.00	5500000.00
KURIKULUM	Pelaksanaan Proyek Kokurikuler	2	Kegiatan	10000000.00	20000000.00	0.00	20000000.00
KURIKULUM	Bimbingan TKA/Ujian Nasional	1	Kegiatan	120000000.00	120000000.00	0.00	120000000.00
KURIKULUM	Kegiatan Tim Penjamin Mutu Madarasah	4	Kegiatan	3000000.00	12000000.00	0.00	12000000.00
KURIKULUM	Persiapan Layanan Percepatan (Tes CBT)	3	Kegiatan	3000000.00	9000000.00	0.00	9000000.00
KURIKULUM	Pengolahan nilai akhir kelas XII (Eligible dan Ijazah)	1	kegiatan	5000000.00	5000000.00	0.00	5000000.00
LAB KOMPUTER	Pembangunan infrastruktur Jaringan Madrasah	12	Volume	12500000.00	150000000.00	0.00	150000000.00
LAB KOMPUTER	Pengembangan Sistem Informasi Madrasah (SIM)	1	Kegiatan	15000000.00	15000000.00	0.00	15000000.00
LAB KOMPUTER	Platform UBAGI	1	Kegiatan	10000000.00	10000000.00	0.00	10000000.00
LAB. BIOLOGI	Serum Anti AB 10 ml	2	Set	350000.00	700000.00	0.00	700000.00
LAB. BIOLOGI	Formalin	3	lliter	50000.00	150000.00	0.00	150000.00
LAB. BIOLOGI	Preparat anatomi Tumbuhan	1	Set	846000.00	846000.00	0.00	846000.00
LAB. BIOLOGI	Acriflavine HCI	1	Liter	120000.00	120000.00	0.00	120000.00
LAB. BIOLOGI	Fehling B	1	liter	150000.00	150000.00	0.00	150000.00
LAB. BIOLOGI	Gelas Ukur (10 ml)	5	Buah	65000.00	325000.00	0.00	325000.00
LAB. BIOLOGI	Beaker Glass (500 ml)	6	Buah	89000.00	534000.00	0.00	534000.00
LAB. BIOLOGI	Objek Glass	2	Set	85000.00	170000.00	0.00	170000.00
LAB. BIOLOGI	Tabung Reaksi	3	Kotak	75000.00	225000.00	0.00	225000.00
LAB. BIOLOGI	Kapas	1	Ball	50000.00	50000.00	0.00	50000.00
LAB. BIOLOGI	Spatula Kaca	10	Batang	23000.00	230000.00	0.00	230000.00
LAB. BIOLOGI	Lumpang + Alu Porselen	8	Buah	95000.00	760000.00	0.00	760000.00
LAB. BIOLOGI	Bunsen (100 ml)	8	Buah	85000.00	680000.00	0.00	680000.00
LAB. BIOLOGI	H2O2 Pekat	2	Liter	100000.00	200000.00	0.00	200000.00
LAB. BIOLOGI	Fehling A	1	Liter	100000.00	100000.00	0.00	100000.00
LAB. BIOLOGI	Etanol 95%	2	Liter	50000.00	100000.00	0.00	100000.00
LAB. BIOLOGI	Preparat meiosis	6	Keping	60000.00	360000.00	0.00	360000.00
LAB. BIOLOGI	Cover Glass	2	Set	70000.00	140000.00	0.00	140000.00
LAB. BIOLOGI	Etanol 95%	2	Liter	50000.00	100000.00	0.00	100000.00
LAB. BIOLOGI	Corong (75 mm)	10	Buah	85000.00	850000.00	0.00	850000.00
LAB. BIOLOGI	Thermometer - 10 - 110 C	10	Batang	40000.00	400000.00	0.00	400000.00
LAB. BIOLOGI	Preparat Mitosis	6	Keping	60000.00	360000.00	0.00	360000.00
LAB. BIOLOGI	Beaker Glass (500 ml)	12	Buah	65000.00	780000.00	0.00	780000.00
LAB. BIOLOGI	Preparat anatomi Hewan	1	Set	1410000.00	1410000.00	0.00	1410000.00
LAB. BIOLOGI	Pipet Tetes Kaca (10 ml)	24	Buah	4500.00	108000.00	0.00	108000.00
LAB. FISIKA	Pulley set + tali	3	set	700000.00	2100000.00	0.00	2100000.00
LAB. FISIKA	Kit Mekanika	1	buah	5610000.00	5610000.00	0.00	5610000.00
LAB. FISIKA	Lemari Alat	1	buah	3000000.00	3000000.00	0.00	3000000.00
LAB. FISIKA	Printer	1	set	3000000.00	3000000.00	0.00	3000000.00
LAB. FISIKA	Mass Cart + Track (lintasan gerak)	1	set	2000000.00	2000000.00	0.00	2000000.00
LAB. FISIKA	Karpet lantai (10 x 12 m)	120	meter	30000.00	3600000.00	0.00	3600000.00
LAB. FISIKA	Kaca meja ( 1 x 2 m )	6	set	250000.00	1500000.00	1500000.00	0.00
LAB. KIMIA	sarung tangan karet untuk laboratorium	2	pasang	30000.00	60000.00	0.00	60000.00
LAB. KIMIA	Garam kasar	10	zak	50000.00	500000.00	0.00	500000.00
LAB. KIMIA	kertas indikator universal	10	kotak	125000.00	1250000.00	0.00	1250000.00
LAB. KIMIA	gelas kimia 1000 mL	2	buah	145000.00	290000.00	0.00	290000.00
LAB. KIMIA	cairan pencuci piring	1	liter	30000.00	30000.00	0.00	30000.00
LAB. KIMIA	HCI pekat	500	mL	50000.00	50000.00	0.00	50000.00
LAB. KIMIA	sarung tangan medis(Hanskul), isi 100 lembar	1	box	100000.00	100000.00	0.00	100000.00
LAB. KIMIA	spatula Double Spatula (17cm - 18cm)	6	buah	80000.00	480000.00	0.00	480000.00
LAB. KIMIA	pipet tetes panjang	20	buah	3500.00	70000.00	0.00	70000.00
LAB. KIMIA	kertas saring 10 cm	1	pack	200000.00	200000.00	0.00	200000.00
LAB. KIMIA	kertas indikator laksmus biru	10	buku	150000.00	1500000.00	0.00	1500000.00
LAB. KIMIA	CH3COOH pekat	500	mL	50000.00	50000.00	0.00	50000.00
LAB. KIMIA	aquadest	20	liter	12500.00	250000.00	0.00	250000.00
LAB. KIMIA	kabel	10	meter	5000.00	50000.00	0.00	50000.00
LAB. KIMIA	Es Crystal	28	kantong	20000.00	560000.00	0.00	560000.00
LAB. KIMIA	H2SO4 pekat	500	mL	50000.00	50000.00	0.00	50000.00
LAB. KIMIA	spatula kaca	12	buah	5000.00	60000.00	0.00	60000.00
LAB. KIMIA	masker medis	1	dos	50000.00	50000.00	0.00	50000.00
LAB. KIMIA	rak gelas kimia/rak alat/rak piring	1	buah	400000.00	400000.00	0.00	400000.00
LAB. KIMIA	Termometer alkohol	12	buah	25000.00	300000.00	0.00	300000.00
LAB. KIMIA	pipet tetes pendek	20	buah	2500.00	50000.00	0.00	50000.00
LAB. KIMIA	lampu LED	36	buah	2500.00	90000.00	0.00	90000.00
LAB. KIMIA	NaOH	500	gram	50000.00	50000.00	0.00	50000.00
LAB. KIMIA	kertas indikator laksmus merah	10	buku	150000.00	1500000.00	0.00	1500000.00
LAB. KIMIA	Rak tabung reaksi besi 50 lobang	1	buah	830000.00	830000.00	0.00	830000.00
LAB. KIMIA	pipet piler	1	buah	450000.00	450000.00	0.00	450000.00
MAJELIS PERWAKILAN KELAS	Pemilihan Ketua dan Wakil Ketua MPK MAN 2 Kota Makassar	1	Kegiatan	500000.00	500000.00	0.00	500000.00
MAJELIS PERWAKILAN KELAS	Rencana Anggaran Pendapatan dan Belanja Madrasah	1	Kegiatan	1500000.00	1500000.00	0.00	1500000.00
MAJELIS PERWAKILAN KELAS	Membentuk Sikap Kepemimpinan / Upgrading	1	Kegiatan	1000000.00	1000000.00	0.00	1000000.00
MAJELIS PERWAKILAN KELAS	Pemilihan Ketua dan Wakil Ketua OSIM MAN 2 Kota Makassar	1	Kegiatan	3000000.00	3000000.00	0.00	3000000.00
MAJELIS PERWAKILAN KELAS	Latihan Manajemen Parlemen Siswa (LMPS)	1	Kegiatan	4000000.00	4000000.00	4000000.00	0.00
MAJELIS PERWAKILAN KELAS	Pelaksanaan Laporan Pertanggungjawaban (LPJ) OSIM MAN 2 Kota Makassar	2	Kegiatan	1500000.00	3000000.00	0.00	3000000.00
MAJELIS PERWAKILAN KELAS	Rapat Penetapan Pengurus Baru Seluruh Organisasi MAN 2 Kota Makassar	1	Kegiatan	3500000.00	3500000.00	0.00	3500000.00
MAJELIS PERWAKILAN KELAS	Rapat Kerja Seluruh Organisasi MAN 2 Kota Makassar	1	Kegiatan	3500000.00	3500000.00	0.00	3500000.00
MAN - PUN PROGRAM UNGGULAN NASIONAL	Kurikulum	1	Kegiatan	10000000.00	10000000.00	0.00	10000000.00
MAN - PUN PROGRAM UNGGULAN NASIONAL	Pembinaan akademik dan karakter	6	Bulan	9000000.00	54000000.00	0.00	54000000.00
MAN - PUN PROGRAM UNGGULAN NASIONAL	Jasa dan operasional (tenaga housekeeping)	6	Bulan	10000000.00	60000000.00	0.00	60000000.00
MAN - PUN PROGRAM UNGGULAN NASIONAL	Biaya Makan	6	Bulan	45000000.00	270000000.00	0.00	270000000.00
OLAHRAGA	Kabel lampu Indoor	50	Meter	12500.00	625000.00	0.00	625000.00
OLAHRAGA	Boal Volley	4	Buah	500000.00	2000000.00	0.00	2000000.00
OLAHRAGA	Net Bulu Tangkis	2	Buah	300000.00	600000.00	0.00	600000.00
OLAHRAGA	Stop watch	2	Buah	500000.00	1000000.00	0.00	1000000.00
OLAHRAGA	Peluit	5	Buah	250000.00	1250000.00	0.00	1250000.00
OLAHRAGA	Bola Basket	4	Buah	500000.00	2000000.00	0.00	2000000.00
OLAHRAGA	Net Bola Volley	2	Buah	700000.00	1400000.00	0.00	1400000.00
OLAHRAGA	Net Sepak Takrow	2	Buah	400000.00	800000.00	0.00	800000.00
OLAHRAGA	Net Tennis Meja	2	Buah	200000.00	400000.00	0.00	400000.00
OSIM	Pameran & Pentas Seni (MAPENSI)	1	kali	4000000.00	4000000.00	0.00	4000000.00
OSIM	Seminar Moderasi Beragama	1	kali	3000000.00	3000000.00	0.00	3000000.00
OSIM	Madrasah Science & Social Competition (MSCC)	1	kali	1200000.00	1200000.00	0.00	1200000.00
OSIM	PORSENI	1	kali	12000000.00	12000000.00	2000000.00	10000000.00
OSIM	Lomba Ekspresi Bahasa (LENTERA)	1	kali	20000000.00	20000000.00	0.00	20000000.00
OSIM	Latihan Dasar Kepemimpinan (LDK)	1	kali	5000000.00	5000000.00	2000000.00	3000000.00
OSIM	Seminar Hari Gizi	1	kali	1000000.00	1000000.00	0.00	1000000.00
OSIM	(POSTAR)	1	kali	1000000.00	1000000.00	0.00	1000000.00
OSIM	Level Up Your English (LUYE VOL. IV)	1	kali	1500000.00	1500000.00	0.00	1500000.00
OSIM	UPGRADING	1	kali	3000000.00	3000000.00	0.00	3000000.00
OSIM	National Hero's Day/ Han Pahlawan Nasional	1	kali	2000000.00	2000000.00	0.00	2000000.00
OSIM	Pentas Seni Matsama	1	kali	1500000.00	1500000.00	0.00	1500000.00
OSIM	Imsac M2M Competition (IMSAC)	1	kali	3000000.00	3000000.00	0.00	3000000.00
OSIM	Pengadaan Alat-alat OSIM	1	tahun	2000000.00	2000000.00	0.00	2000000.00
OSIM	Market Day	1	kali	3000000.00	3000000.00	0.00	3000000.00
OSIM	Invitasi Bola Basket (IBB)	1	kali	25000000.00	25000000.00	0.00	25000000.00
PASKIBRAKA	Dana Awal Lontara VOL.III	1	Kegiatan	4500000.00	4500000.00	0.00	4500000.00
PASKIBRAKA	DIKLATSAR 2025	1	Kegiatan	10000000.00	10000000.00	4000000.00	6000000.00
PASKIBRAKA	Air Dos Pengibaran	1	Kegiatan	315000.00	315000.00	0.00	315000.00
PASKIBRAKA	MUBES 26/27	1	Set	1000000.00	1000000.00	0.00	1000000.00
PASKIBRAKA	SABANG 2026	1	Kegiatan	750000.00	750000.00	0.00	750000.00
PASKIBRAKA	Pengibaran HUT 17 2026	1	Set	2000000.00	2000000.00	0.00	2000000.00
PASKIBRAKA	SOSTUB 2026	1	Kegiatan	700000.00	700000.00	0.00	700000.00
PASKIBRAKA	MA'LAMBANG 2025	1	Kegiatan	500000.00	500000.00	0.00	500000.00
PASKIBRAKA	Upgrading 2026	1	Set	1320000.00	1320000.00	0.00	1320000.00
PASKIBRAKA	Bina Akrab 2026	1	Kegiatan	2500000.00	2500000.00	0.00	2500000.00
PASKIBRAKA	LKJ 2026	1	Kegiatan	2250000.00	2250000.00	0.00	2250000.00
PASKIBRAKA	Milad 2025	1	Kegiatan	2000000.00	2000000.00	0.00	2000000.00
PEMBINAAN OLIMPIADE DAN LOMBA	OMI Sains	6	Mapel	35000000.00	210000000.00	0.00	210000000.00
PEMBINAAN OLIMPIADE DAN LOMBA	O2SN	1	Tahun	10000000.00	10000000.00	0.00	10000000.00
PEMBINAAN OLIMPIADE DAN LOMBA	OMI Riset dan OPSI	1	Tahun	75000000.00	75000000.00	0.00	75000000.00
PEMBINAAN OLIMPIADE DAN LOMBA	Lomba-Lomba Lainnya	1	tahun	100000000.00	100000000.00	40000000.00	60000000.00
PEMBINAAN OLIMPIADE DAN LOMBA	OSN	1	Paket	100000000.00	100000000.00	20000000.00	80000000.00
PEMBINAAN OLIMPIADE DAN LOMBA	FLS3N	1	Tahun	30000000.00	30000000.00	0.00	30000000.00
PENGEMBANGAN BAHASA	Pelatihan Speaking Guru dan Tendik	64	Pertemuan	150000.00	9600000.00	0.00	9600000.00
PENGEMBANGAN BAHASA	Festival Jepang	1	Kegiatan	8000000.00	8000000.00	400000.00	7600000.00
PENGEMBANGAN BAHASA	Eng Teachers' Workshop (MGMP) & Teachers' English Training	2	Kegiatan	3400000.00	6800000.00	3600000.00	3200000.00
PENGEMBANGAN BAHASA	English Camp dirangkaikan dengan Workshop Persiapan Students Mobility (Pembicara Native Speaker)	1	Kegiatan	7400000.00	7400000.00	2000000.00	5400000.00
PENGEMBANGAN BAHASA	Program Talkshow/ Podcast Inggris, Arab, Jepang & Jerman	12	Kegiatan	80000.00	960000.00	0.00	960000.00
PENGEMBANGAN BAHASA	English Eco-Edu Tech Program (Pembelajaran berbasis PjBL)	200	QR-Botanica	3500.00	700000.00	0.00	700000.00
PENGEMBANGAN BAHASA	Speaker + Stand Speaker + Mic UHF	1	Paket	1000000.00	1000000.00	0.00	1000000.00
PIK-R	Car Free Day	1	Kegiatan	110000.00	110000.00	0.00	110000.00
PIK-R	Uprgrading, Outbound, Bina Akrab	1	Kegiatan	8000000.00	8000000.00	0.00	8000000.00
PIK-R	Cerita Mading Dan Edu Talks	1	Kegiatan	500000.00	500000.00	0.00	500000.00
PIK-R	Market Day	1	Kegiatan	859000.00	859000.00	0.00	859000.00
PIK-R	Sekolah Siaga Kependudukan	1	Kegiatan	4000000.00	4000000.00	0.00	4000000.00
PIK-R	Seminar	1	Kegiatan	2000000.00	2000000.00	0.00	2000000.00
PIK-R	Pendidikan dan Pelatihan (DIKLAT)	1	Kegiatan	4000000.00	4000000.00	4000000.00	0.00
PIK-R	Cerita Bersama Renaissance (CERENSA)	1	Kegiatan	1500000.00	1500000.00	0.00	1500000.00
PIK-R	Pelatihan Konselor dan Pendidik Sebaya	1	Kegiatan	2000000.00	2000000.00	0.00	2000000.00
PMR	Latihan Rutin (LARUT)	1	Kegiatan	300000.00	300000.00	0.00	300000.00
PMR	Bazaar	1	Kegiatan	500000.00	500000.00	0.00	500000.00
PMR	DIKLATSAR (Indoor/Outdoor)	2	Kegiatan	5000000.00	10000000.00	4000000.00	6000000.00
PMR	Pengadaan Tenda dan Kelengkapan	1	unit	2500000.00	2500000.00	0.00	2500000.00
PMR	Bambu Panjang 225cm	6	Sarana	35000.00	210000.00	0.00	210000.00
PMR	Donor Darah (DODAR)	1	Kegiatan	1500000.00	1500000.00	0.00	1500000.00
PMR	UPGRADING	1	Kegiatan	1500000.00	1500000.00	0.00	1500000.00
PMR	Bakti Sosial (BAKSOS)	1	Kegiatan	1000000.00	1000000.00	0.00	1000000.00
PMR	Tandu Lipat	2	Sarana	700000.00	1400000.00	0.00	1400000.00
PMR	Screening	1	Kegiatan	1000000.00	1000000.00	0.00	1000000.00
PMR	Bambu Panjang 60cm	6	Sarana	25000.00	150000.00	0.00	150000.00
PRAKARYA	Bibit Ikan	3000	Ekor	500.00	1500000.00	0.00	1500000.00
PRAKARYA	Terminal Listrik	1	Buah	25000.00	25000.00	0.00	25000.00
PRAKARYA	Pupuk Organik	5	Liter	206000.00	1030000.00	0.00	1030000.00
PRAKARYA	Pipa Paralon 1/2 "	3	Batang	51000.00	153000.00	0.00	153000.00
PRAKARYA	Dop pipi paralon	2	Buah	25000.00	50000.00	0.00	50000.00
PRAKARYA	Mesin Pompa Celup	2	Unit	700000.00	1400000.00	0.00	1400000.00
PRAKARYA	Rokwool (Media semai)	5	Buah	80000.00	400000.00	0.00	400000.00
PRAKARYA	Lem Pipa	1	Kaleng	15000.00	15000.00	0.00	15000.00
PRAKARYA	Kabel Listrik	1	Roll	400000.00	400000.00	0.00	400000.00
PRAKARYA	Baut Baja Ringan	1	Dos	82000.00	82000.00	0.00	82000.00
PRAKARYA	Erator	2	Unit	1095460.00	2190920.00	0.00	2190920.00
PRAKARYA	Mesin Celup	1	Unit	700000.00	700000.00	0.00	700000.00
PRAKARYA	Colokan Listrik	2	Buah	10000.00	20000.00	0.00	20000.00
PRAKARYA	Pipa paralon 3"	2	Batang	100000.00	200000.00	0.00	200000.00
PRAKARYA	Prktek Memasak	12	Kelas	250000.00	3000000.00	0.00	3000000.00
PRAKARYA	Kolam terpal	6	Buah	135000.00	810000.00	0.00	810000.00
PRAKARYA	Selang Erator	1	Roll	209000.00	209000.00	0.00	209000.00
PRAKARYA	Kanel C	20	Batang	85500.00	1710000.00	0.00	1710000.00
PRAKARYA	Pakan Ikan	6	Zak	450000.00	2700000.00	0.00	2700000.00
PRAKARYA	Netpot	40	Unit	500.00	20000.00	0.00	20000.00
PRAKARYA	Bibit Tanaman	1	Paket	100000.00	100000.00	0.00	100000.00
PRAMUKA	Pembuatan Kartu Tanda Anggota	1	Kegiatan	600000.00	600000.00	0.00	600000.00
PRAMUKA	Mengikuti/Mengadakan Lomba Tingkat Penegak & Penggalang	3	Kegiatan	1000000.00	3000000.00	0.00	3000000.00
PRAMUKA	Pramuka Relawan Aktif Tangguh Alam Muda	1	Kegiatan	3000000.00	3000000.00	0.00	3000000.00
PRAMUKA	Pencapaian Tingkat dan TKK	2	Kegiatan	1000000.00	2000000.00	0.00	2000000.00
PRAMUKA	Honor Pelatih	6	Bulan	500000.00	3000000.00	0.00	3000000.00
PRAMUKA	Proses Penerimaan Aggota Baru (PPAB)	1	Kegiatan	10360000.00	10360000.00	4000000.00	6360000.00
PRAMUKA	Pembenahan Sanggar	1	Kegiatan	1000000.00	1000000.00	0.00	1000000.00
PRAMUKA	Kemah Kebangsaan	1	Kegiatan	1000000.00	1000000.00	0.00	1000000.00
PRAMUKA	Peringatan Hari Pramuka ke-65	1	Kegiatan	2000000.00	2000000.00	0.00	2000000.00
PRAMUKA	Latihan rutin	12	Kegiatan	200000.00	2400000.00	0.00	2400000.00
PROGRAM SKS DAN RISET SAINS SERTA HUMANIORA	Study Lingkungan di PPLP Puntondo Takalar	1	Kegiatan	10000000.00	10000000.00	0.00	10000000.00
PROGRAM SKS DAN RISET SAINS SERTA HUMANIORA	Biaya Riset per kelompok 20 Kelompok	10	Kegiatan	2000000.00	20000000.00	0.00	20000000.00
PROGRAM SKS DAN RISET SAINS SERTA HUMANIORA	Pendampingan dan Semester 3 dan 5 untuk guru yg mengajar Kls SKS	2	Kegiatan	6000000.00	12000000.00	0.00	12000000.00
ROBOTIC	International Robotic Competition	1	kali	25000000.00	25000000.00	0.00	25000000.00
ROBOTIC	Lemari / box penyimpanan alat - alat robotic	1	buah	1000000.00	1000000.00	0.00	1000000.00
ROBOTIC	Honor Instruktur (pelatih)	10	pertemuan	500000.00	5000000.00	0.00	5000000.00
ROBOTIC	Pengadaan alat & bahan praktek robotic	1	tahun	7000000.00	7000000.00	0.00	7000000.00
SARANA & PRASARANA	Penggantian/pengaturan panel kontrol listrik yang terbakar	4	panel	750000.00	3000000.00	0.00	3000000.00
SARANA & PRASARANA	Perbaikan toilet siswa buntu area gedung B	2	bh	3000000.00	6000000.00	0.00	6000000.00
SARANA & PRASARANA	Jasa Penebangan/Pemangkasan Pohon	1	Tahun	3000000.00	3000000.00	0.00	3000000.00
SARANA & PRASARANA	Penggantian kunci pintu kelas lantai 2 dan 3	25	unit	175000.00	4375000.00	0.00	4375000.00
SARANA & PRASARANA	Pengadaan Plastik Sampah	12	Bln	500000.00	6000000.00	3000000.00	3000000.00
SARANA & PRASARANA	Pengadaan kuncian pintu Kelas X	13	kelas	200000.00	2600000.00	0.00	2600000.00
SARANA & PRASARANA	Penggantian engsel, roda dari 7 pintu pagar	4	kali	550000.00	2200000.00	0.00	2200000.00
SARANA & PRASARANA	Apresiasi Kinerja bantuan tim kerja sarana	2	12	400000.00	9600000.00	0.00	9600000.00
SARANA & PRASARANA	Ganti kunci pintu master 12 kelas lantai 1 gedung	4	ps	450000.00	1800000.00	0.00	1800000.00
SARANA & PRASARANA	Perbaikan dan penggantian bahlon kelas (38 kls X 4 bahlon)	152	titik	60000.00	9120000.00	7000000.00	2120000.00
SARANA & PRASARANA	Pengadaan alat foto copy kantor	1	unit	34500000.00	34500000.00	0.00	34500000.00
SARANA & PRASARANA	Pemberantasan Rayap gedung B, C, gedung tu dan wisma	3	area	2000000.00	6000000.00	0.00	6000000.00
SARANA & PRASARANA	Penggantian Fiber penghalang tampias dari Gedung Tua dan Ruang Guru	15	75000	120000.00	1800000.00	0.00	1800000.00
SARANA & PRASARANA	Penggantian kran air dan pipa bocor	45	titik	47500.00	2137500.00	0.00	2137500.00
SARANA & PRASARANA	Biaya pemeliharaan kolam air terjun 4 buah x 12 bln	2	bh	2500000.00	5000000.00	0.00	5000000.00
SARANA & PRASARANA	Maintenance (CUCI) AC 138 X 4 KALI	540	unit	75000.00	40500000.00	0.00	40500000.00
SARANA & PRASARANA	Pembersihan sedimen got	2	kali	2000000.00	4000000.00	0.00	4000000.00
SARANA & PRASARANA	Maintenance Listrik : saklar stop kontak dan stand	25	Ruangan	250000.00	6250000.00	5000000.00	1250000.00
SARANA & PRASARANA	Biaya pakan dan bibit ikan kolam area Madrasah	12	Bulan	600000.00	7200000.00	0.00	7200000.00
SARANA & PRASARANA	Perbaikan AC rusak 25 % dari total	35	unit	450000.00	15750000.00	0.00	15750000.00
SARANA & PRASARANA	Penggantian/pengaturan jalur kabel AC gedung B dan C	24	unit	150000.00	3600000.00	0.00	3600000.00
SENI	Kabel KREZT TCAS 001 KZT 50 m	1	Roll	1000000.00	1000000.00	0.00	1000000.00
SENI	Mixer MG16XU	1	buah	8000000.00	8000000.00	0.00	8000000.00
SENI	Cermin Ukuran 7x2 meter	1	buah	5000000.00	5000000.00	0.00	5000000.00
UKS	Bed Hospital	2	Unit	2350000.00	4700000.00	0.00	4700000.00
UKS	Obat	1	tahun	5000000.00	5000000.00	5000000.00	0.00
